stock_name,stock_symbol,sector,link,url_id,address,change_rs_and_percent,closing_market_price_rs,email_address,last_traded_price_rs,market_capitalization_rs,name_and_symbol,paid_up_value_rs,total_listed_shares,total_paid_up_value_rs,website
Nepal Doorsanchar Comapany Limited,NTC,Others,http://www.nepalstock.com/company/display/307,307,ktm,-23(-2.66),842,info@ntc.net.np,842,"126,300,000,000.00",Nepal Doorsanchar Comapany Limited(NTC),100,"150,000,000.00","15,000,000,000.00",http://www.ntc.net.np
Nabil Bank Limited,NABIL,Commercial Banks,http://www.nepalstock.com/company/display/131,131,Durbar Marg,-22(-1.75),1235,madhab.regmi@nabilbank.com,1235,"99,276,740,875.00",Nabil Bank Limited(NABIL),100,"80,386,025.00","8,038,602,500.00",
Standard Chartered Bank Limited,SCB,Commercial Banks,http://www.nepalstock.com/company/display/133,133,Kathmandu,-6(-0.28),2125,scbl@scbl.com,2125,"85,121,450,125.00",Standard Chartered Bank Limited(SCB),100,"40,057,153.00","4,005,715,300.00",
Everest Bank Limited,EBL,Commercial Banks,http://www.nepalstock.com/company/display/137,137,Kathmandu,-17(-1.37),1221,ebl@eb.com,1221,"73,690,230,339.00",Everest Bank Limited(EBL),100,"60,352,359.00","6,035,235,900.00",
Nepal Investment Bank Limited,NIB,Commercial Banks,http://www.nepalstock.com/company/display/132,132,Durbar Marga,-3(-0.46),644,info@nibl.com.np,644,"68,434,245,908.00",Nepal Investment Bank Limited(NIB),100,"106,264,357.00","10,626,435,700.00",http://www.nibl.com.np
Nepal Life Insurance Co. Ltd.,NLIC,Insurance,http://www.nepalstock.com/company/display/187,187,Kamaladi,-18(-0.90),1972,info@nepallife.com.np,1972,"61,061,571,992.00",Nepal Life Insurance Co. Ltd.(NLIC),100,"30,964,286.00","3,096,428,600.00",
Nepal SBI Bank Limited,SBI,Commercial Banks,http://www.nepalstock.com/company/display/135,135,HATTISAR,-5(-0.61),810,law@nsbl.com.np,810,"56,471,566,230.00",Nepal SBI Bank Limited(SBI),100,"69,717,983.00","6,971,798,300.00",
Himalayan Bank Limited,HBL,Commercial Banks,http://www.nepalstock.com/company/display/134,134,Kathmandu,-4(-0.46),867,hbl@hbl.com,867,"56,280,140,619.00",Himalayan Bank Limited(HBL),100,"64,913,657.00","6,491,365,700.00",
Rastriya Beema Company Limited,RBCL,Insurance,http://www.nepalstock.com/company/display/177,177,Ramsaha Path,100(0.61),16600,rbsnlac@wlink.com.np,16600,"44,261,659,000.00",Rastriya Beema Company Limited(RBCL),100,"2,666,365.00","266,636,500.00",
Agriculture Development Bank Limited,ADBL,Commercial Banks,http://www.nepalstock.com/company/display/397,397,Kathmandu,1(0.22),449,info@adbl.com.np,449,"31,823,683,200.00",Agriculture Development Bank Limited(ADBL),100,"70,876,800.00","7,087,680,000.00",
NMB Bank Limited,NMB,Commercial Banks,http://www.nepalstock.com/company/display/238,238,Babarmahal,-2(-0.41),485,pramod.dahal@nmb.com.np,485,"31,339,605,840.00",NMB Bank Limited(NMB),100,"64,617,744.00","6,461,774,400.00",http://www.nmb.com.np
Global IME Bank Limited,GBIME,Commercial Banks,http://www.nepalstock.com/company/display/341,341,"Kathmandu, KMPC ward No -3",-44(-11.31),345,info@gibl.com.np,345,"30,664,896,165.00",Global IME Bank Limited(GBIME),100,"88,883,757.00","8,888,375,700.00",http://www.globalimebank.com
National Life Insurance Co. Ltd.,NLICL,Insurance,http://www.nepalstock.com/company/display/178,178,LAZIMPAT,-15(-0.82),1825,hr@nationallife.com.np,1825,"30,371,135,350.00",National Life Insurance Co. Ltd.(NLICL),100,"16,641,718.00","1,664,171,800.00",
Chilime Hydropower Company Limited,CHCL,Hydro Power,http://www.nepalstock.com/company/display/154,154,Kathmandu,-11(-1.44),755,chcl@chcl.com,755,"29,936,603,905.00",Chilime Hydropower Company Limited(CHCL),100,"39,651,131.00","3,965,113,100.00",
NIC Asia Bank Ltd.,NICA,Commercial Banks,http://www.nepalstock.com/company/display/139,139,Kamaladi,1(0.28),363,info@nicasiabank.com,363,"29,152,953,984.00",NIC Asia Bank Ltd.(NICA),100,"80,311,168.00","8,031,116,800.00",
Sanima Bank Limited,SANIMA,Commercial Banks,http://www.nepalstock.com/company/display/171,171,NAXAL,-2(-0.56),357,RUDRA@sanimabank.com,357,"28,564,481,778.00",Sanima Bank Limited(SANIMA),100,"80,012,554.00","8,001,255,400.00",
Prime Commercial Bank Ltd.,PCBL,Commercial Banks,http://www.nepalstock.com/company/display/357,357,New Road,-6(-1.32),448,santosh.baral@pcbl.com.np,448,"28,337,936,256.00",Prime Commercial Bank Ltd.(PCBL),100,"63,254,322.00","6,325,432,200.00",
Siddhartha Bank Limited,SBL,Commercial Banks,http://www.nepalstock.com/company/display/145,145,Kamaladi,-3(-0.72),414,bhola.dhungana@sbl.com.np,414,"28,260,124,380.00",Siddhartha Bank Limited(SBL),100,"68,261,170.00","6,826,117,000.00",
Life Insurance Co. Nepal,LICN,Insurance,http://www.nepalstock.com/company/display/188,188,"Bhagwatibahal, Naxal",-39(-1.83),2095,binod.bhujel@licnepal.com.np,2095,"27,961,493,625.00",Life Insurance Co. Nepal(LICN),100,"13,346,775.00","1,334,677,500.00",http://www.licnepal.com.np
Nepal Bank Limited,NBL,Commercial Banks,http://www.nepalstock.com/company/display/517,517,Dharmapath,-4(-1.14),346,account@nepalbank.com.np,346,"27,804,403,608.00",Nepal Bank Limited(NBL),100,"80,359,548.00","8,035,954,800.00",
Citizen Investment Trust,CIT,Finance,http://www.nepalstock.com/company/display/210,210,New baneshwor,-9(-0.24),3707,info@nlk.org.np,3707,"27,440,871,029.00",Citizen Investment Trust(CIT),100,"7,402,447.00","740,244,700.00",
Uniliver Nepal Limited,UNL,Manufacturing And Processing,http://www.nepalstock.com/company/display/219,219,Hetauda,-588(-2.00),28812,sushila.adhikari@unilever.com,28812,"26,527,208,400.00",Uniliver Nepal Limited(UNL),100,"920,700.00","92,070,000.00",
Bank of Kathmandu Ltd.,BOKL,Commercial Banks,http://www.nepalstock.com/company/display/138,138,Kathmandu,-5(-1.11),444,manish.singh@boklumbini.com.np,444,"24,995,316,996.00",Bank of Kathmandu Ltd.(BOKL),100,"56,295,759.00","5,629,575,900.00",
Citizen Bank International Limited,CZBIL,Commercial Banks,http://www.nepalstock.com/company/display/348,348,Kamaladi,-5(-1.61),305,kamaladi@ctznbank.com,305,"24,488,938,000.00",Citizen Bank International Limited(CZBIL),100,"80,291,600.00","8,029,160,000.00",
Laxmi Bank Limited,LBL,Commercial Banks,http://www.nepalstock.com/company/display/141,141,Hattisar,-4(-1.21),326,piyush.aryal@laxmibank.com,326,"24,364,046,188.00",Laxmi Bank Limited(LBL),100,"74,736,338.00","7,473,633,800.00",
Sunrise Bank Limited,SRBL,Commercial Banks,http://www.nepalstock.com/company/display/359,359,Gariridhara,-5(-1.44),342,info@sunrisebank.com.np,342,"24,244,995,942.00",Sunrise Bank Limited(SRBL),100,"70,891,801.00","7,089,180,100.00",
Nepal Bangladesh Bank Limited,NBB,Commercial Banks,http://www.nepalstock.com/company/display/136,136,Kathmandu,-4(-1.19),332,dhirajraj.subedi@nbbl.com.np,332,"23,974,269,460.00",Nepal Bangladesh Bank Limited(NBB),100,"72,211,655.00","7,221,165,500.00",
Machhapuchhre Bank Limited,MBL,Commercial Banks,http://www.nepalstock.com/company/display/140,140,Lazimpat,-5(-1.54),319,machbank@mbl.com.np,319,"23,575,772,836.00",Machhapuchhre Bank Limited(MBL),100,"73,905,244.00","7,390,524,400.00",http://www.machbank.com
Prabhu  Bank Limited,PRVU,Commercial Banks,http://www.nepalstock.com/company/display/255,255,Babarmahal,-2(-0.52),380,info@prabhubank.com,380,"22,349,327,600.00",Prabhu  Bank Limited(PRVU),100,"58,814,020.00","5,881,402,000.00",
Soaltee Hotel Limited,SHL,Hotels,http://www.nepalstock.com/company/display/147,147,TAHACHAL,1(0.28),361,legal@soaltee.com.np,361,"20,908,349,987.00",Soaltee Hotel Limited(SHL),10,"57,917,867.00","579,178,670.00",
Kumari Bank Limited,KBL,Commercial Banks,http://www.nepalstock.com/company/display/142,142,Kathmandu,2(0.65),312,info@kumaribank.com,312,"18,624,826,584.00",Kumari Bank Limited(KBL),100,"59,694,957.00","5,969,495,700.00",http://www.kumaribank.com
Mega  Bank Nepal Ltd.,MEGA,Commercial Banks,http://www.nepalstock.com/company/display/562,562,Kantipath,0(0.00),458,company.secretary@megabank.com.np,458,"18,552,292,104.00",Mega  Bank Nepal Ltd.(MEGA),100,"40,507,188.00","4,050,718,800.00",
Jalabidyut Lagani tatha Bikas Co. Ltd.,HIDCL,Others,http://www.nepalstock.com/company/display/2742,2742,Babarmahal,-2(-1.08),183,info@hidcl.org.np,183,"18,300,000,000.00",Jalabidyut Lagani tatha Bikas Co. Ltd.(HIDCL),100,"100,000,000.00","10,000,000,000.00",
Janata Bank Nepal Ltd.,JBNL,Commercial Banks,http://www.nepalstock.com/company/display/496,496,New Baneshwor,-3(-1.16),255,info@janatabank.com.np,255,"17,833,919,445.00",Janata Bank Nepal Ltd.(JBNL),100,"69,936,939.00","6,993,693,900.00",http://www.janatabank.com.np
Nepal Credit And Commercial Bank Limited,NCCB,Commercial Banks,http://www.nepalstock.com/company/display/144,144,Bagbazar,-2(-0.55),363,corporate@nccbank.com.np,363,"16,984,981,266.00",Nepal Credit And Commercial Bank Limited(NCCB),100,"46,790,582.00","4,679,058,200.00",http://www.nccbank.com.np
Shikhar Insurance Co. Ltd.,SICL,Insurance,http://www.nepalstock.com/company/display/192,192,THAPATHALI,-23(-1.17),1950,shikharins@mos.com.np,1950,"15,908,794,200.00",Shikhar Insurance Co. Ltd.(SICL),100,"8,158,356.00","815,835,600.00",http://www.shikharinsurance.com
Nirdhan Utthan Bank Limited,NUBL,Development Bank Limited,http://www.nepalstock.com/company/display/163,163,"Bhagvatibahal, Naxal",-37(-1.54),2360,info@nirdhan.com,2360,"14,155,841,680.00",Nirdhan Utthan Bank Limited(NUBL),100,"5,998,238.00","599,823,800.00",
Muktinath Bikas Bank Ltd.,MNBBL,Development Bank Limited,http://www.nepalstock.com/company/display/474,474,Prithivi Chowk,-7(-1.14),605,info@muktinathbank.com.np,605,"13,066,095,460.00",Muktinath Bikas Bank Ltd.(MNBBL),100,"21,596,852.00","2,159,685,200.00",
Century Commercial Bank Ltd.,CCBL,Commercial Banks,http://www.nepalstock.com/company/display/605,605,"Putalisadak, Kathmandu",0(0.00),226,info@century.com,226,"12,341,022,670.00",Century Commercial Bank Ltd.(CCBL),100,"54,606,295.00","5,460,629,500.00",
Civil Bank Ltd,CBL,Commercial Banks,http://www.nepalstock.com/company/display/532,532,"New Baneshwor, Kathmandu",-3(-1.25),237,civil@gmail.com,237,"12,288,975,429.00",Civil Bank Ltd(CBL),100,"51,852,217.00","5,185,221,700.00",
Asian Life Insurance Co. Limited,ALICL,Insurance,http://www.nepalstock.com/company/display/385,385,New Plaza,10(0.66),1520,asianlife@asianlife.com.np,1520,"12,245,016,640.00",Asian Life Insurance Co. Limited(ALICL),100,"8,055,932.00","805,593,200.00",
Butwal Power Company Limited,BPCL,Hydro Power,http://www.nepalstock.com/company/display/153,153,Buddhanagar,-7(-1.09),633,info@bpc.com.np,633,"11,461,097,367.00",Butwal Power Company Limited(BPCL),100,"18,105,999.00","1,810,599,900.00",http://www.bpc.com.np
Prime Life Insurance Company Limited,PLIC,Insurance,http://www.nepalstock.com/company/display/393,393,Hattisar,-9(-0.49),1846,rajan@primelifenepal.com,1846,"11,264,292,000.00",Prime Life Insurance Company Limited(PLIC),100,"6,102,000.00","610,200,000.00",
Sanima Mai Hydropower Ltd.,SHPC,Hydro Power,http://www.nepalstock.com/company/display/591,591,"Alakapuri Complex,Naksal, Kathmandu",-17(-3.23),510,info@sanimamai.com,510,"10,761,000,000.00",Sanima Mai Hydropower Ltd.(SHPC),100,"21,100,000.00","2,110,000,000.00",
NMB Hybrid Fund L-1,NMBHF1,Mutual Fund,http://www.nepalstock.com/company/display/2752,2752,Babarmahal,0.21(2.04),10.5,info@nmbcl.com.np,10.5,"10,500,000,000.00",NMB Hybrid Fund L-1(NMBHF1),10,"1,000,000,000.00","10,000,000,000.00",
Chhimek Laghubitta Bikas Bank Limited,CBBL,Development Bank Limited,http://www.nepalstock.com/company/display/164,164,Kathmandu,-7(-0.59),1180,cbbl@cbbl.com,1180,"9,841,749,880.00",Chhimek Laghubitta Bikas Bank Limited(CBBL),100,"8,340,466.00","834,046,600.00",
Sagarmatha Insurance Co. Ltd.,SIC,Insurance,http://www.nepalstock.com/company/display/185,185,Naxal,5(0.30),1680,info@sagarmathainsurance.com.np,1680,"9,043,305,600.00",Sagarmatha Insurance Co. Ltd.(SIC),100,"5,382,920.00","538,292,000.00",
Sana Kisan Bikas Bank Ltd,SKBBL,Development Bank Limited,http://www.nepalstock.com/company/display/574,574,"Subidhanagar, Tinkune,Kathmandu",-17(-1.11),1521,skbbl@wlink.com,1521,"8,792,327,583.00",Sana Kisan Bikas Bank Ltd(SKBBL),100,"5,780,623.00","578,062,300.00",http://www.skbbl.com.np
NLG Insurance Company Ltd.,NLG,Insurance,http://www.nepalstock.com/company/display/559,559,"Panipokhari, Lajimpat, Kathmandu",15(0.96),1581,info@nlgl.com.np,1581,"8,099,858,250.00",NLG Insurance Company Ltd.(NLG),100,"5,123,250.00","512,325,000.00",
Bottlers Nepal (Terai) Limited,BNT,Manufacturing And Processing,http://www.nepalstock.com/company/display/213,213,Bharatpur,131(2.00),6681,prburma@coca-cola.com.np,6681,"8,084,010,000.00",Bottlers Nepal (Terai) Limited(BNT),100,"1,210,000.00","121,000,000.00",
Siddhartha Insurance Ltd.,SIL,Insurance,http://www.nepalstock.com/company/display/280,280,Anamnagar,-17(-1.11),1510,info@siddharthainsurance.com,1510,"8,071,161,400.00",Siddhartha Insurance Ltd.(SIL),100,"5,345,140.00","534,514,000.00",
Himalayan General Insurance Co. Ltd,HGI,Insurance,http://www.nepalstock.com/company/display/179,179,ktm,2(0.27),734,hgi@hgi.com,734,"7,539,741,952.00",Himalayan General Insurance Co. Ltd(HGI),100,"10,272,128.00","1,027,212,800.00",
Surya Life Insurance Company Limited,SLICL,Insurance,http://www.nepalstock.com/company/display/403,403,"Naxal, Kathmandu",-4(-0.38),1041,info@suryalife.com.np,1041,"7,514,718,750.00",Surya Life Insurance Company Limited(SLICL),100,"7,218,750.00","721,875,000.00",
Premier Insurance Co. Ltd.,PIC,Insurance,http://www.nepalstock.com/company/display/182,182,ktm,32(1.96),1662,pic@pic.com,1662,"7,454,131,494.00",Premier Insurance Co. Ltd.(PIC),100,"4,485,037.00","448,503,700.00",
Neco Insurance Co. Ltd.,NIL,Insurance,http://www.nepalstock.com/company/display/183,183,ANAMNAGAR,-1(-0.11),947,info@necoinsurance.com.np,947,"7,426,234,791.00",Neco Insurance Co. Ltd.(NIL),100,"7,841,853.00","784,185,300.00",http://www.necoinsurance.com.np
Deprosc Development Bank Limited,DDBL,Development Bank Limited,http://www.nepalstock.com/company/display/166,166,Sahidpath,-2(-0.16),1216,ddbank@wlink.com.np,1216,"7,370,430,144.00",Deprosc Development Bank Limited(DDBL),100,"6,061,209.00","606,120,900.00",
Forward Community Microfinance Bittiya Sanstha Ltd.,FOWAD,Development Bank Limited,http://www.nepalstock.com/company/display/2758,2758,Duhabi,-39(-1.09),3541,info@forwardmfbank.org.np,3541,"7,082,000,000.00",Forward Community Microfinance Bittiya Sanstha Ltd.(FOWAD),100,"2,000,000.00","200,000,000.00",
Oriental Hotels Limited,OHL,Hotels,http://www.nepalstock.com/company/display/149,149,Kathmandu,45(5.33),890,nranjit@radkat.com.np,890,"7,046,360,510.00",Oriental Hotels Limited(OHL),100,"7,917,259.00","791,725,900.00",
Lumbini General Insurance Co. Ltd.,LGIL,Insurance,http://www.nepalstock.com/company/display/190,190,Gyaneshwor,-5(-0.58),860,devendra@lgic.com.np,860,"6,733,873,960.00",Lumbini General Insurance Co. Ltd.(LGIL),100,"7,830,086.00","783,008,600.00",
Swabalamban Bikas Bank Limited,SWBBL,Development Bank Limited,http://www.nepalstock.com/company/display/268,268,LALCOLONY MARG,-20(-1.23),1600,sb_bank@ntc.net.np,1600,"6,695,028,800.00",Swabalamban Bikas Bank Limited(SWBBL),100,"4,184,393.00","418,439,300.00",
Kailash Bikas Bank Ltd.,KBBL,Development Bank Limited,http://www.nepalstock.com/company/display/202,202,"New Plaza, Putalisadak",1(0.35),289,info@kailashbank.com,289,"6,622,398,008.00",Kailash Bikas Bank Ltd.(KBBL),100,"22,914,872.00","2,291,487,200.00",http://www.kailashbank.com
Gandaki Bikas Bank Limited,GDBL,Development Bank Limited,http://www.nepalstock.com/company/display/420,420,Pokhara,-4(-1.10),358,info@bishwabank.com.np,358,"6,601,255,796.00",Gandaki Bikas Bank Limited(GDBL),100,"18,439,262.00","1,843,926,200.00",
Prabhu Insurance Ltd.,PRIN,Insurance,http://www.nepalstock.com/company/display/184,184,Tinkune,-10(-1.04),950,info@prabhuinsurance.com,950,"6,539,876,950.00",Prabhu Insurance Ltd.(PRIN),100,"6,884,081.00","688,408,100.00",http://www.prabhuinsurance.com
Prudential Insurance Co. Ltd.,PICL,Insurance,http://www.nepalstock.com/company/display/189,189,Kamaladi,10(0.68),1485,prudential@wlink.com.np,1485,"6,351,048,000.00",Prudential Insurance Co. Ltd.(PICL),100,"4,276,800.00","427,680,000.00",http://www.prudential.com.np
Gurans Life Insurance Company Ltd.,GLICL,Insurance,http://www.nepalstock.com/company/display/447,447,Banepa,-9(-0.86),1036,info@guranslife.com,1036,"6,153,840,000.00",Gurans Life Insurance Company Ltd.(GLICL),100,"5,940,000.00","594,000,000.00",
NB Insurance Co. Ltd.,NBIL,Insurance,http://www.nepalstock.com/company/display/186,186,ktm,-16(-1.40),1130,nbil@nbil.com,1130,"6,102,000,000.00",NB Insurance Co. Ltd.(NBIL),100,"5,400,000.00","540,000,000.00",
Mahalaxmi Bikas Bank Ltd.,MLBL,Development Bank Limited,http://www.nepalstock.com/company/display/401,401,Durbar Marg,-1(-0.45),223,info@yetibank.com,223,"5,873,368,202.00",Mahalaxmi Bikas Bank Ltd.(MLBL),100,"26,337,974.00","2,633,797,400.00",http://www.yetibank.com
Api Power Company Ltd.,API,Hydro Power,http://www.nepalstock.com/company/display/697,697,"Trade Tower , Thapathali",-9(-1.64),541,info@sae.com.np,541,"5,680,500,000.00",Api Power Company Ltd.(API),100,"10,500,000.00","1,050,000,000.00",
Garima Bikas Bank Limited,GBBL,Development Bank Limited,http://www.nepalstock.com/company/display/417,417,Pokhara,-9(-3.44),253,info@garima.com.np,253,"5,576,735,802.00",Garima Bikas Bank Limited(GBBL),100,"22,042,434.00","2,204,243,400.00",
Shangrila Development Bank Ltd.,SADBL,Development Bank Limited,http://www.nepalstock.com/company/display/472,472,Baluwatar,-11(-2.81),380,info@shangrilabank.com,380,"5,162,204,240.00",Shangrila Development Bank Ltd.(SADBL),100,"13,584,748.00","1,358,474,800.00",
Arun Kabeli Power Ltd.,AKPL,Hydro Power,http://www.nepalstock.com/company/display/2757,2757,Thapathali,-6(-1.74),338,info@arunkabeli.com,338,"5,070,000,000.00",Arun Kabeli Power Ltd.(AKPL),100,"15,000,000.00","1,500,000,000.00",
Rural Microfinance Development Centre Ltd.,RMDC,Development Bank Limited,http://www.nepalstock.com/company/display/575,575,"Putalisadak, Kathmandu",21(3.04),711,rmdc@wlink.com.np,711,"4,920,973,200.00",Rural Microfinance Development Centre Ltd.(RMDC),100,"6,921,200.00","692,120,000.00",http://www.rmdcnepalc.com
Himalayan Distillery Limited,HDL,Manufacturing And Processing,http://www.nepalstock.com/company/display/235,235,Kathmandu,3(0.25),1180,hdl@hdl.com,1180,"4,873,400,000.00",Himalayan Distillery Limited(HDL),100,"4,130,000.00","413,000,000.00",
Om Development Bank Ltd.,ODBL,Development Bank Limited,http://www.nepalstock.com/company/display/398,398,Chipledhunga,-1(-0.34),293,info@ombank.com.np,293,"4,816,758,264.00",Om Development Bank Ltd.(ODBL),100,"16,439,448.00","1,643,944,800.00",http://www.ombank.com.np
Shine Resunga Development Bank Ltd.,SHINE,Development Bank Limited,http://www.nepalstock.com/company/display/473,473,TAMGHAS-1,-10(-2.33),420,info@srdb.com.np,420,"4,632,147,240.00",Shine Resunga Development Bank Ltd.(SHINE),100,"11,028,922.00","1,102,892,200.00",
Nepal Insurance Co. Ltd.,NICL,Insurance,http://www.nepalstock.com/company/display/176,176,ktm,0(0.00),1515,nicl@nicl.com,1515,"4,575,127,290.00",Nepal Insurance Co. Ltd.(NICL),100,"3,019,886.00","301,988,600.00",
RSDC Laghubitta Bittiya Sanstha Ltd.,RSDC,Development Bank Limited,http://www.nepalstock.com/company/display/2748,2748,Butwal-12,2(0.16),1280,info@rsdcmf.com,1280,"4,416,000,000.00",RSDC Laghubitta Bittiya Sanstha Ltd.(RSDC),100,"3,450,000.00","345,000,000.00",
Lumbini Bikas Bank Ltd.,LBBL,Development Bank Limited,http://www.nepalstock.com/company/display/358,358,Tripureshwor,-2(-0.93),212,info@viborbank.com,212,"4,258,822,420.00",Lumbini Bikas Bank Ltd.(LBBL),100,"20,088,785.00","2,008,878,500.00",
Nepal Grameen Bikas Bank  Ltd.,NGBBL,Development Bank Limited,http://www.nepalstock.com/company/display/583,583,kathmandu,14(1.93),738,info@grameenbanknepal.com,738,"4,114,350,000.00",Nepal Grameen Bikas Bank  Ltd.(NGBBL),100,"5,575,000.00","557,500,000.00",http://www.grameenbanknepal.com
Jyoti Bikas Bank Limited,JBBL,Development Bank Limited,http://www.nepalstock.com/company/display/418,418,Kamaladi,-5(-2.63),185,info@jyotibank.com.np,185,"4,085,973,270.00",Jyoti Bikas Bank Limited(JBBL),100,"22,086,342.00","2,208,634,200.00",
Tourism Development Bank Limited,TDBL,Development Bank Limited,http://www.nepalstock.com/company/display/503,503,New Baneshwor,8(1.91),427,info@tdbl.com.np,427,"3,927,423,024.00",Tourism Development Bank Limited(TDBL),100,"9,197,712.00","919,771,200.00",http://www.tdbl.com.np
Himalayan Power Partner Ltd.,HPPL,Hydro Power,http://www.nepalstock.com/company/display/2767,2767,Maharajgunj,-3(-0.81),368,hpphydro@gmail.com,368,"3,920,734,560.00",Himalayan Power Partner Ltd.(HPPL),100,"10,654,170.00","1,065,417,000.00",http://www.hpp.com.np
United Insurance Co. (Nepal) Ltd.,UIC,Insurance,http://www.nepalstock.com/company/display/180,180,Thapathali,0(0.00),1284,uic@mail.com.np,1284,"3,882,816,000.00",United Insurance Co. (Nepal) Ltd.(UIC),100,"3,024,000.00","302,400,000.00",
Kamana Sewa Bikas Bank Limited,KSBBL,Development Bank Limited,http://www.nepalstock.com/company/display/459,459,Lekhnath,-4(-1.84),213,info@kamanabank.com.np,213,"3,879,701,280.00",Kamana Sewa Bikas Bank Limited(KSBBL),100,"18,214,560.00","1,821,456,000.00",
First Micro Finance Development Bank Ltd.,FMDBL,Development Bank Limited,http://www.nepalstock.com/company/display/490,490,"Gyaneshwore, Kathmandu",-9(-1.06),841,bijay@fmdb.com.np,841,"3,837,167,625.00",First Micro Finance Development Bank Ltd.(FMDBL),100,"4,562,625.00","456,262,500.00",
Mero Microfinance Bittiya Sanstha Ltd.,MERO,Development Bank Limited,http://www.nepalstock.com/company/display/1741,1741,Bidur-4,32(1.94),1683,meromicrofinance@gmail.com,1683,"3,702,600,000.00",Mero Microfinance Bittiya Sanstha Ltd.(MERO),100,"2,200,000.00","220,000,000.00",
Deva Bikas Bank Limited,DBBL,Development Bank Limited,http://www.nepalstock.com/company/display/311,311,"LAL DURBAR, KATHMANDU",0(0.00),255,info@devabank.com.np,255,"3,684,709,965.00",Deva Bikas Bank Limited(DBBL),100,"14,449,843.00","1,444,984,300.00",
Laxmi Laghubitta Bittiya Sanstha Ltd.,LLBS,Development Bank Limited,http://www.nepalstock.com/company/display/618,618,Narayan Gopal Chowk,-35(-2.08),1645,info@laxmilaghu.com.np,1645,"3,619,000,000.00",Laxmi Laghubitta Bittiya Sanstha Ltd.(LLBS),100,"2,200,000.00","220,000,000.00",
Nerude Laghubita Bikas Bank Limited,NLBBL,Development Bank Limited,http://www.nepalstock.com/company/display/396,396,Bhanutole,-4(-0.35),1146,info@nlbbl.com.np,1146,"3,506,760,000.00",Nerude Laghubita Bikas Bank Limited(NLBBL),100,"3,060,000.00","306,000,000.00",
Bottlers Nepal (Balaju) Limited,BNL,Manufacturing And Processing,http://www.nepalstock.com/company/display/195,195,Balaju,0(0.00),1660,prburma@coca-cola.com.np,1660,"3,235,152,420.00",Bottlers Nepal (Balaju) Limited(BNL),100,"1,948,887.00","194,888,700.00",
Everest Insurance Co. Ltd.,EIC,Insurance,http://www.nepalstock.com/company/display/181,181,ktm,-11(-0.42),2630,eic@eic.com,2630,"3,195,450,000.00",Everest Insurance Co. Ltd.(EIC),100,"1,215,000.00","121,500,000.00",
National Microfinance Bittiya Sanstha Ltd.,NMFBS,Development Bank Limited,http://www.nepalstock.com/company/display/2746,2746,NIlkantha-3,-35(-1.10),3149,info@nationalmicrofinance.com.np,3149,"3,149,000,000.00",National Microfinance Bittiya Sanstha Ltd.(NMFBS),100,"1,000,000.00","100,000,000.00",http://www.nationalmicrofinance.com.np
Summit Micro Finance Development Bank Ltd.,SMFDB,Development Bank Limited,http://www.nepalstock.com/company/display/502,502,Jhapa,0(0.00),2100,banksummit@yahoo.com,2100,"3,045,000,000.00",Summit Micro Finance Development Bank Ltd.(SMFDB),100,"1,450,000.00","145,000,000.00",
NMB  Microfinance Bittiya Sanstha Ltd.,NMBMF,Development Bank Limited,http://www.nepalstock.com/company/display/704,704,Hemja-5,-35(-1.28),2690,cleanvillagebank@gmail.com,2690,"3,031,630,000.00",NMB  Microfinance Bittiya Sanstha Ltd.(NMBMF),100,"1,127,000.00","112,700,000.00",http://www.cleanvillage.com.np
United Modi Hydropower Ltd.,UMHL,Hydro Power,http://www.nepalstock.com/company/display/2760,2760,"Heritage Plaza, Kamaladi",0(0.00),256,unitedmodi@ntc.net.np,256,"2,944,000,000.00",United Modi Hydropower Ltd.(UMHL),100,"11,500,000.00","1,150,000,000.00",
Excel Development Bank Ltd.,EDBL,Development Bank Limited,http://www.nepalstock.com/company/display/274,274,"Arnamani, Jhapa",5(1.03),489,excelbirta@yahoo.com,489,"2,820,766,182.00",Excel Development Bank Ltd.(EDBL),100,"5,768,438.00","576,843,800.00",
Taragaon Regency Hotel Limited,TRH,Hotels,http://www.nepalstock.com/company/display/148,148,Kathmandu,0(0.00),290,trh@trh.com,290,"2,160,463,750.00",Taragaon Regency Hotel Limited(TRH),100,"7,449,875.00","744,987,500.00",
ICFC Finance Limited,ICFC,Finance,http://www.nepalstock.com/company/display/273,273,"Thirbam Sadak, Bhatbhateni",0(0.00),234,info@icfcbank.com,234,"2,063,791,548.00",ICFC Finance Limited(ICFC),100,"8,819,622.00","881,962,200.00",http://www.icfcbank.com
Arun Valley Hydropower Development Co. Ltd.,AHPC,Hydro Power,http://www.nepalstock.com/company/display/360,360,Thapathali,1(0.47),216,arunvalley2054@gmail.com,216,"2,015,306,568.00",Arun Valley Hydropower Development Co. Ltd.(AHPC),100,"9,330,123.00","933,012,300.00",
Vijaya laghubitta Bittiya Sanstha Ltd.,VLBS,Development Bank Limited,http://www.nepalstock.com/company/display/687,687,Gaidakot-1,7(0.56),1248,vlbs@vlbs.com.np,1248,"2,009,280,000.00",Vijaya laghubitta Bittiya Sanstha Ltd.(VLBS),100,"1,610,000.00","161,000,000.00",
NagBeli LaghuBitta Bikas Bank Ltd.,NBBL,Development Bank Limited,http://www.nepalstock.com/company/display/602,602,Anarmani,-10(-0.26),3788,naghbeli@info.com,3788,"1,988,700,000.00",NagBeli LaghuBitta Bikas Bank Ltd.(NBBL),100,"525,000.00","52,500,000.00",
Swarojgar Laghu Bitta Bikas Bank Ltd.,SLBBL,Development Bank Limited,http://www.nepalstock.com/company/display/545,545,"Banepa-10,Kavre",-12(-0.63),1888,info@slbbl.com,1888,"1,982,364,128.00",Swarojgar Laghu Bitta Bikas Bank Ltd.(SLBBL),100,"1,049,981.00","104,998,100.00",
Miteri Development Bank Limited,MDB,Development Bank Limited,http://www.nepalstock.com/company/display/371,371,Mahendra Path,-15(-2.80),520,miteribank@wlink.com.np,520,"1,977,524,120.00",Miteri Development Bank Limited(MDB),100,"3,802,931.00","380,293,100.00",http://www.miteribank.com.np
United Finance Ltd.,UFL,Finance,http://www.nepalstock.com/company/display/242,242,DURBARMAG,-5(-1.81),271,info@ufl.com.np,271,"1,822,094,516.00",United Finance Ltd.(UFL),100,"6,723,596.00","672,359,600.00",http://www.ufl.com.np
National Hydro Power Company Limited,NHPC,Hydro Power,http://www.nepalstock.com/company/display/152,152,Kathmandu,-4(-3.05),127,nhpc@nhpc.com,127,"1,759,186,474.00",National Hydro Power Company Limited(NHPC),100,"13,851,862.00","1,385,186,200.00",
Reliable Microfinance Bittiya Sanstha Ltd.,RMFL,Development Bank Limited,http://www.nepalstock.com/company/display/705,705,Besisahar,21(1.05),2030,rmfl@reliablebank.com.np,2030,"1,720,425,000.00",Reliable Microfinance Bittiya Sanstha Ltd.(RMFL),100,"847,500.00","84,750,000.00",http://www.reliablebank.com.np
Shrijana Finance  (Bittaya Sanstha),SFFIL,Finance,http://www.nepalstock.com/company/display/261,261,ktm,-12(-2.22),528,avu@avu.com,528,"1,596,672,000.00",Shrijana Finance  (Bittaya Sanstha)(SFFIL),100,"3,024,000.00","302,400,000.00",
Shree Investment Finance Co. Ltd.,SIFC,Finance,http://www.nepalstock.com/company/display/244,244,Dillibazar,-14(-2.98),456,sifco@wlink.com.np,456,"1,575,246,528.00",Shree Investment Finance Co. Ltd.(SIFC),100,"3,454,488.00","345,448,800.00",http://www.shreefinance.com.np
Kalika Microcredit Development Bank Ltd.,KMCDB,Development Bank Limited,http://www.nepalstock.com/company/display/593,593,syanja,-20(-1.04),1905,info@kalikamicro.com,1905,"1,571,625,000.00",Kalika Microcredit Development Bank Ltd.(KMCDB),100,"825,000.00","82,500,000.00",
Gurkhas Finance Ltd.,GUFL,Finance,http://www.nepalstock.com/company/display/204,204,Dillibazar,-6(-3.24),179,kafal@mail.com.np,179,"1,553,708,723.00",Gurkhas Finance Ltd.(GUFL),100,"8,679,937.00","867,993,700.00",
Everest Bank Limited Con. Pref.,EBLCP,Preferred Stock,http://www.nepalstock.com/company/display/277,277,Lajimpat Ktm,-15(-1.90),775,ebl@ebl.com.np,775,"1,550,000,000.00",Everest Bank Limited Con. Pref.(EBLCP),100,"2,000,000.00","200,000,000.00",
Guheshowori Merchant Bank  Finance Co. Ltd.,GMFIL,Finance,http://www.nepalstock.com/company/display/263,263,Pulchowk,-8(-3.81),202,gmbf@wlink.com.np,202,"1,395,567,298.00",Guheshowori Merchant Bank  Finance Co. Ltd.(GMFIL),100,"6,908,749.00","690,874,900.00",
Sahayogi Bikas Bank Limited,SBBLJ,Development Bank Limited,http://www.nepalstock.com/company/display/174,174,Kathmandu,7(2.18),328,sahayogibank@yahoo.com,328,"1,393,093,080.00",Sahayogi Bikas Bank Limited(SBBLJ),100,"4,247,235.00","424,723,500.00",http://www.sahayogibank.com.np
Civil Laghubitta Bittiya Sanstha Ltd.,CLBSL,Development Bank Limited,http://www.nepalstock.com/company/display/693,693,Chabahil-7,50(3.94),1320,info@ilfcomicro.com.np,1320,"1,386,000,000.00",Civil Laghubitta Bittiya Sanstha Ltd.(CLBSL),100,"1,050,000.00","105,000,000.00",http://www.ilfcomicro.com.np
Purnima Bikas Bank Ltd.,PURBL,Development Bank Limited,http://www.nepalstock.com/company/display/451,451,Siddhartha Nagar,2(0.65),309,info@purnimabank.com,309,"1,361,090,925.00",Purnima Bikas Bank Ltd.(PURBL),100,"4,404,825.00","440,482,500.00",
Nabil Balance Fund 1,NBF1,Mutual Fund,http://www.nepalstock.com/company/display/538,538,Chabahil,-0.13(-0.71),18.07,nabilinvest@nabilbank.com,18.07,"1,355,250,000.00",Nabil Balance Fund 1(NBF1),10,"75,000,000.00","750,000,000.00",
Goodwill Finance Co. Ltd.,GFCL,Finance,http://www.nepalstock.com/company/display/232,232,ktm,0(0.00),185,gfcl@gfcl.com,185,"1,343,100,000.00",Goodwill Finance Co. Ltd.(GFCL),100,"7,260,000.00","726,000,000.00",
Mirmire Microfinance Development Bank Ltd.,MMFDB,Development Bank Limited,http://www.nepalstock.com/company/display/682,682,Banepa-4,59(2.04),2949,info@mirmirebank.com.np,2949,"1,327,050,000.00",Mirmire Microfinance Development Bank Ltd.(MMFDB),100,"450,000.00","45,000,000.00",http://www.mirmirebank.com.np
Mission Development Bank Ltd.,MIDBL,Development Bank Limited,http://www.nepalstock.com/company/display/570,570,Butwal-8,10(3.40),304,info@missionbanknepal.com,304,"1,315,509,840.00",Mission Development Bank Ltd.(MIDBL),100,"4,327,335.00","432,733,500.00",
Capital Merchant Bank  Finance Co. Ltd.,CMB,Finance,http://www.nepalstock.com/company/display/259,259,ktm,-4(-2.78),140,avu@avu.com,140,"1,309,097,300.00",Capital Merchant Bank  Finance Co. Ltd.(CMB),100,"9,350,695.00","935,069,500.00",
Ngadi Group Power Ltd.,NGPL,Hydro Power,http://www.nepalstock.com/company/display/2743,2743,Anamnagar,2(0.83),244,info@siurihydro.com,244,"1,306,753,712.00",Ngadi Group Power Ltd.(NGPL),100,"5,355,548.00","535,554,800.00",
Nabil Equity Fund,NEF,Mutual Fund,http://www.nepalstock.com/company/display/2753,2753,Babarmahal,0.050000000000001(0.48),10.4,nabilinvest@nabilbank.com,10.4,"1,300,000,000.00",Nabil Equity Fund(NEF),10,"125,000,000.00","1,250,000,000.00",
Siddhartha Equity Orineted Scheme,SEOS,Mutual Fund,http://www.nepalstock.com/company/display/616,616,Babarmahal,0.55(4.42),13,infro@sisddhartha.com,13,"1,300,000,000.00",Siddhartha Equity Orineted Scheme(SEOS),10,"100,000,000.00","1,000,000,000.00",
Womi Microfinance Bittiya Sanstha Ltd.,WOMI,Development Bank Limited,http://www.nepalstock.com/company/display/706,706,"Naubishe-6,Khanikhola",-40(-1.98),1980,womimf@gmail.com,1980,"1,283,040,000.00",Womi Microfinance Bittiya Sanstha Ltd.(WOMI),100,"648,000.00","64,800,000.00",
Mahila Sahayatra Microfinance Bittiya Sanstha Ltd.,MSMBS,Development Bank Limited,http://www.nepalstock.com/company/display/691,691,Chitlang-5,-43(-3.90),1059,mahilasahayatra@gmail.com,1059,"1,281,390,000.00",Mahila Sahayatra Microfinance Bittiya Sanstha Ltd.(MSMBS),100,"1,210,000.00","121,000,000.00",
Pokhara Finance Ltd.,PFL,Finance,http://www.nepalstock.com/company/display/236,236,ktm,-5(-2.15),228,pfl@pfl.com,228,"1,270,918,056.00",Pokhara Finance Ltd.(PFL),100,"5,574,202.00","557,420,200.00",
Tinau Development Bank Limited,TNBL,Development Bank Limited,http://www.nepalstock.com/company/display/442,442,"BUTAWAL-8, HOSPITALLINE",-5(-1.80),273,info@tinaubank.com,273,"1,258,120,500.00",Tinau Development Bank Limited(TNBL),100,"4,608,500.00","460,850,000.00",
Laxmi Equity Fund,LEMF,Mutual Fund,http://www.nepalstock.com/company/display/2765,2765,New Baneshwor,-0.02(-0.20),10.05,info@laxmicapital.com.np,10.05,"1,256,250,000.00",Laxmi Equity Fund(LEMF),10,"125,000,000.00","1,250,000,000.00",http://www.laxmicapital.com.np
Synergy Power Development Ltd.,SPDL,Hydro Power,http://www.nepalstock.com/company/display/2759,2759,Naxal,-2(-1.23),161,synergy@gmail.com,161,"1,127,000,000.00",Synergy Power Development Ltd.(SPDL),100,"7,000,000.00","700,000,000.00",
Bishal Bazar Company Limited,BBC,Tradings,http://www.nepalstock.com/company/display/156,156,Kathmandu,139(6.74),2200,bbc@bcco.com,2200,"1,081,080,000.00",Bishal Bazar Company Limited(BBC),100,"491,400.00","49,140,000.00",
Siddhartha Investment Growth Scheme-1,SIGS1,Mutual Fund,http://www.nepalstock.com/company/display/526,526,Babarmahal,-0.059999999999999(-0.28),21.59,info@sigs1.com.np,21.59,"1,079,500,000.00",Siddhartha Investment Growth Scheme-1(SIGS1),10,"50,000,000.00","500,000,000.00",
Manjushree Finance Ltd.,MFIL,Finance,http://www.nepalstock.com/company/display/516,516,"New Baneshwor, Kathmandu",1(0.68),149,info@manjushreefinance.com,149,"1,079,323,965.00",Manjushree Finance Ltd.(MFIL),100,"7,243,785.00","724,378,500.00",
Reliance Finance Ltd.,RLFL,Finance,http://www.nepalstock.com/company/display/587,587,kathmandu,-3(-1.42),209,info@reliancenepal.com.com,209,"1,071,274,644.00",Reliance Finance Ltd.(RLFL),100,"5,125,716.00","512,571,600.00",
Kanchan Development Bank Limited,KADBL,Development Bank Limited,http://www.nepalstock.com/company/display/505,505,Bhimdatta Municipality,4(1.73),235,info@kanchan.com.np,235,"1,058,557,500.00",Kanchan Development Bank Limited(KADBL),100,"4,504,500.00","450,450,000.00",
Kankai Bikas Bank Ltd.,KNBL,Development Bank Limited,http://www.nepalstock.com/company/display/419,419,"DAMAK-11, JHAPA",0(0.00),218,kbbl@kankaibank.com.np,218,"1,026,780,000.00",Kankai Bikas Bank Ltd.(KNBL),100,"4,710,000.00","471,000,000.00",
Central Finance Co. Ltd.,CFCL,Finance,http://www.nepalstock.com/company/display/245,245,Kupondole,2(1.03),197,central@ntc.net.np,197,"1,025,705,913.00",Central Finance Co. Ltd.(CFCL),100,"5,206,629.00","520,662,900.00",
NMB Sulav Investment Fund-1,NMBSF1,Mutual Fund,http://www.nepalstock.com/company/display/629,629,Babarmahal,0.02(0.15),13.6,ashish.pandey@nmbcl.com.np,13.6,"1,020,000,000.00",NMB Sulav Investment Fund-1(NMBSF1),10,"75,000,000.00","750,000,000.00",
Global IME Samunnat Scheme-1,GIMES1,Mutual Fund,http://www.nepalstock.com/company/display/1740,1740,Jamal,-0.14(-1.38),10.01,info@gibl.com.np,10.01,"1,001,000,000.00",Global IME Samunnat Scheme-1(GIMES1),10,"100,000,000.00","1,000,000,000.00",
Western Development Bank Limited,WDBL,Development Bank Limited,http://www.nepalstock.com/company/display/445,445,Tribhuvan Nagar,-25(-7.29),318,wdbldang@yahoo.com,318,"998,265,600.00",Western Development Bank Limited(WDBL),100,"3,139,200.00","313,920,000.00",http://www.wdbldang.com.np
Kisan Microfinance Bittiya Sanstha Ltd.,KMFL,Development Bank Limited,http://www.nepalstock.com/company/display/694,694,Kamal Bazar,0(0.00),2470,kmfachham@gmail.com,2470,"988,000,000.00",Kisan Microfinance Bittiya Sanstha Ltd.(KMFL),100,"400,000.00","40,000,000.00",
NIBL Samriddhi Fund 1,NIBSF1,Mutual Fund,http://www.nepalstock.com/company/display/636,636,Lazimpat,0.45(3.75),12.45,info@niblcapital.com,12.45,"933,750,000.00",NIBL Samriddhi Fund 1(NIBSF1),10,"75,000,000.00","750,000,000.00",http://www.niblcapital.com
Janaki Finance Ltd.,JFL,Finance,http://www.nepalstock.com/company/display/250,250,ktm,-8(-2.88),270,avu@avu.com,270,"923,019,570.00",Janaki Finance Ltd.(JFL),100,"3,418,591.00","341,859,100.00",
Hamro Bikas Bank Ltd.,HAMRO,Development Bank Limited,http://www.nepalstock.com/company/display/576,576,"Battar, Nuwakot",-1(-0.50),198,hamrobank@gmail.com,198,"908,326,386.00",Hamro Bikas Bank Ltd.(HAMRO),100,"4,587,507.00","458,750,700.00",http://www.hamrobank.com
Saptakoshi Development Bank Ltd.,SKDBL,Development Bank Limited,http://www.nepalstock.com/company/display/1733,1733,Tankisiniwari,3(1.64),186,skdbl@wlink.com.np,186,"902,658,000.00",Saptakoshi Development Bank Ltd.(SKDBL),100,"4,853,000.00","485,300,000.00",http://www.skdbl.com.np
Sindhu Bikash Bank Ltd,SINDU,Development Bank Limited,http://www.nepalstock.com/company/display/561,561,BARHABISE,-1(-0.54),185,info@sindhubikasbank.com.np,185,"873,101,025.00",Sindhu Bikash Bank Ltd(SINDU),100,"4,719,465.00","471,946,500.00",
Janautthan Samudayic Laghubitta Bikas Bank Ltd.,JSLBB,Development Bank Limited,http://www.nepalstock.com/company/display/695,695,Butwal-11,-20(-0.56),3580,info@jucbank.com.np,3580,"859,200,000.00",Janautthan Samudayic Laghubitta Bikas Bank Ltd.(JSLBB),100,"240,000.00","24,000,000.00",
Jebils Finance Ltd.,JEFL,Finance,http://www.nepalstock.com/company/display/577,577,"Newroad, Kathmandu",-7(-4.67),143,info@jebils.com,143,"826,415,018.00",Jebils Finance Ltd.(JEFL),100,"5,779,126.00","577,912,600.00",http://www.jebil.com
Ridi Hydropower Development Company Ltd.,RHPC,Hydro Power,http://www.nepalstock.com/company/display/610,610,Kathmandu,4(2.56),160,ridi@gmail.com,160,"801,521,600.00",Ridi Hydropower Development Company Ltd.(RHPC),100,"5,009,510.00","500,951,000.00",
Khanikhola Hydropower Co. Ltd.,KKHC,Hydro Power,http://www.nepalstock.com/company/display/2751,2751,"Trade Tower, Dhumbarahi",0(0.00),172,khanikhola.hpc@gmail.com,172,"801,028,596.00",Khanikhola Hydropower Co. Ltd.(KKHC),100,"4,657,143.00","465,714,300.00",
NIBL Pragati Fund,NIBLPF,Mutual Fund,http://www.nepalstock.com/company/display/2755,2755,Lazimpat,-0.050000000000001(-0.49),10.1,info@niblcapital.com,10.1,"757,500,000.00",NIBL Pragati Fund(NIBLPF),10,"75,000,000.00","750,000,000.00",
Nepal Share Markets Ltd.,NSM,Finance,http://www.nepalstock.com/company/display/200,200,ktm,-3(-1.69),174,nsm@nsm.com,174,"751,680,000.00",Nepal Share Markets Ltd.(NSM),100,"4,320,000.00","432,000,000.00",
Bhargav Bikash Bank Ltd.,BHBL,Development Bank Limited,http://www.nepalstock.com/company/display/487,487,Surkhet,4(1.45),280,info@bhargavbank.com.np,280,"739,200,000.00",Bhargav Bikash Bank Ltd.(BHBL),100,"2,640,000.00","264,000,000.00",
Mithila LaghuBitta Bikas Bank Ltd.,MLBBL,Development Bank Limited,http://www.nepalstock.com/company/display/601,601,"Dhalkabar,Dhanusa",-24(-1.94),1210,mithilabank@yahoo.com,1210,"694,161,270.00",Mithila LaghuBitta Bikas Bank Ltd.(MLBBL),100,"573,687.00","57,368,700.00",http://www.mldbank.com.np
Mahuli Samudayik Laghubitta Sanstha Ltd.,MSLB,Development Bank Limited,http://www.nepalstock.com/company/display/2768,2768,Kanchanrup-11,66(3.98),1724,info@mslbsl.com.np,1724,"689,600,000.00",Mahuli Samudayik Laghubitta Sanstha Ltd.(MSLB),100,"400,000.00","40,000,000.00",
Synergy Finance Ltd.,SYFL,Finance,http://www.nepalstock.com/company/display/249,249,ktm,4(2.84),145,abc@abc.com,145,"687,893,050.00",Synergy Finance Ltd.(SYFL),100,"4,744,090.00","474,409,000.00",
Alpine Development Bank Limited,ALDBL,Development Bank Limited,http://www.nepalstock.com/company/display/406,406,Hetauda,9(3.61),258,info@alpinedevbank.com.np,258,"670,994,274.00",Alpine Development Bank Limited(ALDBL),100,"2,600,753.00","260,075,300.00",http://www.alpinedevbank.com.np
Laxmi Value Fund-1,LVF1,Mutual Fund,http://www.nepalstock.com/company/display/674,674,Pulchowk,-0.1(-0.85),11.6,info@laxmicapital.com.np,11.6,"580,000,000.00",Laxmi Value Fund-1(LVF1),10,"50,000,000.00","500,000,000.00",
Barun Hydropower Co. Ltd.,BARUN,Hydro Power,http://www.nepalstock.com/company/display/686,686,KMC 32 Anamnagar,-14(-6.03),218,info@barunhydro.com.np,218,"556,227,000.00",Barun Hydropower Co. Ltd.(BARUN),100,"2,551,500.00","255,150,000.00",
Green Development Bank Ltd.,GRDBL,Development Bank Limited,http://www.nepalstock.com/company/display/2744,2744,Harishankar Road 2,5(0.93),545,info@greenbank.com.np,545,"545,000,000.00",Green Development Bank Ltd.(GRDBL),100,"1,000,000.00","100,000,000.00",
Chhyangdi Hydropower Ltd.,CHL,Hydro Power,http://www.nepalstock.com/company/display/2766,2766,Gairidhara,-4(-1.95),201,info@chpl.com.np,201,"542,700,000.00",Chhyangdi Hydropower Ltd.(CHL),100,"2,700,000.00","270,000,000.00",
Naya Nepal Laghubitta Bikas Bank Ltd.,NNLB,Development Bank Limited,http://www.nepalstock.com/company/display/592,592,"Dhulikhel, Kavre",7(0.26),2670,nemtin@ntc.net.np,2670,"534,000,000.00",Naya Nepal Laghubitta Bikas Bank Ltd.(NNLB),100,"200,000.00","20,000,000.00",
Raptibheri Bikas Bank Ltd.,RBBBL,Development Bank Limited,http://www.nepalstock.com/company/display/679,679,Nepalganj-2,13(3.69),365,raptibherimis@yahoo.com,365,"524,743,710.00",Raptibheri Bikas Bank Ltd.(RBBBL),100,"1,437,654.00","143,765,400.00",
ProgressiveFinance Limited,PROFL,Finance,http://www.nepalstock.com/company/display/338,338,ktm,1(0.41),244,info@pfltd.com.np,244,"512,400,000.00",ProgressiveFinance Limited(PROFL),100,"2,100,000.00","210,000,000.00",http://www.pfltd.com.np
Arun Finance Limited,ARUN,Finance,http://www.nepalstock.com/company/display/421,421,Dharan,-3(-1.88),157,info@arun.com.np,157,"471,000,000.00",Arun Finance Limited(ARUN),100,"3,000,000.00","300,000,000.00",
Mount Makalu Development Bank Ltd.,MMDBL,Development Bank Limited,http://www.nepalstock.com/company/display/614,614,Basantapur-4,13(1.97),673,info@mmdbank.com,673,"465,446,800.00",Mount Makalu Development Bank Ltd.(MMDBL),100,"691,600.00","69,160,000.00",
Namaste Bittiya Sanstha Ltd.,NBSL,Finance,http://www.nepalstock.com/company/display/571,571,"Ghorai,Dang",10(1.85),550,info@nbsl.com.np,550,"462,000,000.00",Namaste Bittiya Sanstha Ltd.(NBSL),100,"840,000.00","84,000,000.00",
Karnali Development Bank Limited,KRBL,Development Bank Limited,http://www.nepalstock.com/company/display/428,428,1,0(0.00),275,info@karnali.com.np,275,"448,470,000.00",Karnali Development Bank Limited(KRBL),100,"1,630,800.00","163,080,000.00",
NIDC Development Bank Ltd.,NIDC,Development Bank Limited,http://www.nepalstock.com/company/display/160,160,Kathmandu,2(1.35),150,nidc@nidc.org.np,150,"446,817,600.00",NIDC Development Bank Ltd.(NIDC),100,"2,978,784.00","297,878,400.00",http://www.nidc.org.np
Best Finance Company Ltd.,BFC,Finance,http://www.nepalstock.com/company/display/227,227,ktm,-3(-2.03),145,fgl@gfl.com,145,"431,393,850.00",Best Finance Company Ltd.(BFC),100,"2,975,130.00","297,513,000.00",
Kabeli Bikas Bank Limited,KEBL,Development Bank Limited,http://www.nepalstock.com/company/display/427,427,Dhankuta,-14(-3.77),357,info@kabeli.com.np,357,"425,898,144.00",Kabeli Bikas Bank Limited(KEBL),100,"1,192,992.00","119,299,200.00",
Dibyashwori Hydropower Ltd.,DHPL,Hydro Power,http://www.nepalstock.com/company/display/2754,2754,Purano Baneshwor -34,0(0.00),158,dibyashwarihydropower@gmail.com,158,"417,120,000.00",Dibyashwori Hydropower Ltd.(DHPL),100,"2,640,000.00","264,000,000.00",
Suryodaya Laghubitta Bittiya Sanstha Ltd.,SLBS,Development Bank Limited,http://www.nepalstock.com/company/display/2750,2750,Putalibajar,18(1.90),967,suryodayalaghubitta@gmail.com,967,"386,800,000.00",Suryodaya Laghubitta Bittiya Sanstha Ltd.(SLBS),100,"400,000.00","40,000,000.00",
Nepal Community Development Bank Ltd.,NCDB,Development Bank Limited,http://www.nepalstock.com/company/display/598,598,"Butwal,Rupandehi",-9(-5.06),169,info@ncdbank.com,169,"372,288,748.00",Nepal Community Development Bank Ltd.(NCDB),100,"2,202,892.00","220,289,200.00",http://www.ncdbank.com
Multipurpose Finance Company  Limited,MPFL,Finance,http://www.nepalstock.com/company/display/471,471,Rajbiraj,16(9.47),185,ubfi@mpfl.com.np,185,"365,821,775.00",Multipurpose Finance Company  Limited(MPFL),100,"1,977,415.00","197,741,500.00",
Shree Ram Sugar Mills Limited,SRS,Manufacturing And Processing,http://www.nepalstock.com/company/display/230,230,Kathmandu,2(1.69),120,srs@srs.com,120,"365,518,800.00",Shree Ram Sugar Mills Limited(SRS),100,"3,045,990.00","304,599,000.00",
Seti Finance Limited,SETI,Finance,http://www.nepalstock.com/company/display/416,416,Tikapur,0(0.00),220,info@seti.com.np,220,"361,551,740.00",Seti Finance Limited(SETI),100,"1,643,417.00","164,341,700.00",
Swadeshi Laghubitta Bittiya Sanstha Ltd.,SDESI,Development Bank Limited,http://www.nepalstock.com/company/display/2764,2764,Itahari 8,7(2.00),357,info@swadeshibank.com,357,"357,000,000.00",Swadeshi Laghubitta Bittiya Sanstha Ltd.(SDESI),100,"1,000,000.00","100,000,000.00",
Sahara Bikas Bank Ltd.,SHBL,Development Bank Limited,http://www.nepalstock.com/company/display/625,625,Malangawa-9,-30(-6.12),460,info@sahara.com,460,"335,776,080.00",Sahara Bikas Bank Ltd.(SHBL),100,"729,948.00","72,994,800.00",
Lalitpur Finance Ltd.,LFC,Finance,http://www.nepalstock.com/company/display/231,231,ktm,-3(-1.69),174,lfc@lfc.com,174,"326,893,278.00",Lalitpur Finance Ltd.(LFC),100,"1,878,697.00","187,869,700.00",
Union Finance Co. Ltd.,UFCL,Finance,http://www.nepalstock.com/company/display/208,208,Naxal,3(1.73),176,ufl@union.com.np,176,"307,828,928.00",Union Finance Co. Ltd.(UFCL),100,"1,749,028.00","174,902,800.00",
Kuber Merchant Finance Limited,KMBSL,Finance,http://www.nepalstock.com/company/display/296,296,Kathmandu,9(5.29),179,kuber@user.com.np,179,"268,500,000.00",Kuber Merchant Finance Limited(KMBSL),100,"1,500,000.00","150,000,000.00",
Corporate Development Bank Limited,CORBL,Development Bank Limited,http://www.nepalstock.com/company/display/450,450,Birgunj,-4(-3.10),125,info@corporatebank.com.np,125,"250,000,000.00",Corporate Development Bank Limited(CORBL),100,"2,000,000.00","200,000,000.00",
World Merchant Banking  Finance Ltd.,WMBF,Finance,http://www.nepalstock.com/company/display/256,256,HETAUDA,-4(-2.90),134,wmbfbtl@wlink.com.np,134,"243,772,800.00",World Merchant Banking  Finance Ltd.(WMBF),100,"1,819,200.00","181,920,000.00",http://www.wmerchantbank.com
Salt Trading Corporation,STC,Tradings,http://www.nepalstock.com/company/display/155,155,Kathmandu,-40(-13.99),246,stc@stc.com,246,"241,533,378.00",Salt Trading Corporation(STC),100,"981,843.00","98,184,300.00",
Sajha Bikas Bank Ltd.,SAJHA,Development Bank Limited,http://www.nepalstock.com/company/display/1735,1735,Dhangadhi,3(1.39),219,info@sajhabank.com.np,219,"219,000,000.00",Sajha Bikas Bank Ltd.(SAJHA),100,"1,000,000.00","100,000,000.00",http://www.sajhabank.com.np
Narayani Development Bank Limited,NABBC,Development Bank Limited,http://www.nepalstock.com/company/display/172,172,Kathmandu,-8(-1.81),435,nidb@nidb.com,435,"190,249,425.00",Narayani Development Bank Limited(NABBC),100,"437,355.00","43,735,500.00",
Raghupati Jute Mills Limited,RJM,Manufacturing And Processing,http://www.nepalstock.com/company/display/203,203,Kathmandu,0(0.00),100,info@srjml.com.np,100,"180,696,600.00",Raghupati Jute Mills Limited(RJM),100,"1,806,966.00","180,696,600.00",
Nepal Finance Ltd.,NFS,Finance,http://www.nepalstock.com/company/display/194,194,ktm,-2(-1.59),124,nfs@nfs.com,124,"168,590,276.00",Nepal Finance Ltd.(NFS),100,"1,359,599.00","135,959,900.00",
Gorakhkali Rubber Udhyog Limited,GRU,Manufacturing And Processing,http://www.nepalstock.com/company/display/207,207,Kathmandu,0(0.00),38,gru@gru.com,38,"145,669,200.00",Gorakhkali Rubber Udhyog Limited(GRU),75,"3,833,400.00","287,505,000.00",
Samata Microfinance Bittiya Sanstha Ltd.,SMATA,Development Bank Limited,http://www.nepalstock.com/company/display/2761,2761,Gadhimai Municipality,8(1.79),456,info@samata.org.np,456,"144,096,000.00",Samata Microfinance Bittiya Sanstha Ltd.(SMATA),100,"316,000.00","31,600,000.00",
Crystal Finance Ltd.,CFL,Finance,http://www.nepalstock.com/company/display/361,361,Ktm,-2(-1.68),117,info@crystal.com.np,117,"81,900,000.00",Crystal Finance Ltd.(CFL),100,"700,000.00","70,000,000.00",
Nepal Lube Oil Limited,NLO,Manufacturing And Processing,http://www.nepalstock.com/company/display/198,198,Kathmandu,0(0.00),213,nlo@nlo.com,213,"52,125,999.00",Nepal Lube Oil Limited(NLO),100,"244,723.00","24,472,300.00",
Samjhana Finance Co. Ltd.,SFC,Finance,http://www.nepalstock.com/company/display/221,221,ktm,0(0.00),230,sfc@sfc.com,230,"51,750,000.00",Samjhana Finance Co. Ltd.(SFC),100,"225,000.00","22,500,000.00",
Himalayan Finance Limited (Bittiya Sanstha),HFL,Finance,http://www.nepalstock.com/company/display/441,441,Sundhara,-0.079999999999998(-0.44),18,info@hfl.com.np,18,"25,200,000.00",Himalayan Finance Limited (Bittiya Sanstha)(HFL),100,"1,400,000.00","140,000,000.00",
Nepal Film Development Company Limited,NFD,Others,http://www.nepalstock.com/company/display/151,151,Kathmandu,-0.7(-2.00),34.35,nfd@nfd.com,34.35,"16,875,639.00",Nepal Film Development Company Limited(NFD),100,"491,285.00","49,128,500.00",
Shree Bhrikuti Pulp And Paper Limited,SBPP,Manufacturing And Processing,http://www.nepalstock.com/company/display/226,226,Kathmandu,0(0.00),,sbpp@sbpp.com,,0,Shree Bhrikuti Pulp And Paper Limited(SBPP),100,"3,500,000.00","350,000,000.00",
Yak And Yeti Hotel Limited,YHL,Hotels,http://www.nepalstock.com/company/display/146,146,Kathmandu,0(0.00),,yhl@yhl.com,,0,Yak And Yeti Hotel Limited(YHL),100,"2,209,208.00","220,920,800.00",
Harisiddhi Brick And Tiles Limited,HBT,Manufacturing And Processing,http://www.nepalstock.com/company/display/215,215,Kathmandu,0(0.00),,hbt@hbt.com,,0,Harisiddhi Brick And Tiles Limited(HBT),10,"18,650,000.00","186,500,000.00",
Butwal Spinning Mills Limited,BSM,Manufacturing And Processing,http://www.nepalstock.com/company/display/205,205,Kathmandu,0(0.00),,bsm@bsm.com,,0,Butwal Spinning Mills Limited(BSM),100,"1,306,693.00","130,669,300.00",
Jyoti Sinning Mills Limited,JSM,Manufacturing And Processing,http://www.nepalstock.com/company/display/209,209,Kathmandu,0(0.00),,jsm@jsm.com,,0,Jyoti Sinning Mills Limited(JSM),100,"1,270,288.00","127,028,800.00",
Arun Vanaspati Udhyog Limited,AVU,Manufacturing And Processing,http://www.nepalstock.com/company/display/211,211,Kathmandu,0(0.00),,avu@avu.com,,0,Arun Vanaspati Udhyog Limited(AVU),100,"550,343.00","55,034,300.00",
Nepal Bitumin And Barrel Udhyog Limited,NBBU,Manufacturing And Processing,http://www.nepalstock.com/company/display/233,233,Kathmandu,0(0.00),,nbbu@nbbu.com,,0,Nepal Bitumin And Barrel Udhyog Limited(NBBU),100,"210,680.00","21,068,000.00",
Fleur Himalayan Limited,FHL,Manufacturing And Processing,http://www.nepalstock.com/company/display/228,228,Kathmandu,0(0.00),,fhl@fhl.com,,0,Fleur Himalayan Limited(FHL),75,"262,102.00","19,657,650.00",
Birat Shoe Limited,BSL,Manufacturing And Processing,http://www.nepalstock.com/company/display/217,217,Kathmandu,0(0.00),,bsl@bsl.com,,0,Birat Shoe Limited(BSL),100,"165,000.00","16,500,000.00",
Nepal Vanaspati Ghee Udhyog Limited,NVG,Manufacturing And Processing,http://www.nepalstock.com/company/display/201,201,Kathmandu,0(0.00),,nvg@nvg.com,,0,Nepal Vanaspati Ghee Udhyog Limited(NVG),100,"101,250.00","10,125,000.00",
Nepal Khadya Udhyog Limited,NKU,Manufacturing And Processing,http://www.nepalstock.com/company/display/222,222,Kathmandu,0(0.00),,nku@nku.com,,0,Nepal Khadya Udhyog Limited(NKU),100,"90,000.00","9,000,000.00",
Nepal Tading Limited,NTL,Tradings,http://www.nepalstock.com/company/display/158,158,Kathmandu,0(0.00),,ntl@ntl.com,,0,Nepal Tading Limited(NTL),50,"50,000.00","2,500,000.00",
Nepal Welfare Company Limited,NWC,Tradings,http://www.nepalstock.com/company/display/159,159,Kathmandu,0(0.00),,nwc@nwc.com,,0,Nepal Welfare Company Limited(NWC),50,"41,000.00","2,050,000.00",
